{
  "input_nodes": 4,
  "hidden_nodes": 100,
  "output_nodes": 2,
  "input_weights": {
    "0": -2.9919888973236084,
    "1": -2.0854265689849854,
    "2": -3.9557151794433594,
    "3": -0.9013072848320007,
    "4": -0.739870548248291,
    "5": 0.873336911201477,
    "6": -1.486130952835083,
    "7": -1.2563209533691406,
    "8": -0.5735156536102295,
    "9": -0.9802716374397278,
    "10": 0.8310526013374329,
    "11": -0.0972430631518364,
    "12": 0.0578334704041481,
    "13": 2.1004638671875,
    "14": 3.1306867599487305,
    "15": 2.740222454071045,
    "16": -1.5965704917907715,
    "17": -0.9051359295845032,
    "18": 0.48687630891799927,
    "19": -1.165881872177124,
    "20": -0.529355525970459,
    "21": 1.6129070520401,
    "22": -1.1125719547271729,
    "23": 2.1982767581939697,
    "24": -1.6595842838287354,
    "25": -0.22145718336105347,
    "26": -1.1251020431518555,
    "27": 0.8197091817855835,
    "28": 0.8825241327285767,
    "29": 0.09066138416528702,
    "30": 1.5769586563110352,
    "31": -0.18019236624240875,
    "32": 0.13508006930351257,
    "33": -1.1504924297332764,
    "34": -1.3700226545333862,
    "35": -0.2706270217895508,
    "36": 3.4592316150665283,
    "37": -2.792095422744751,
    "38": 0.008314672857522964,
    "39": 1.9800359010696411,
    "40": 0.4631767272949219,
    "41": 0.341041624546051,
    "42": 0.8214561343193054,
    "43": -2.218873977661133,
    "44": -0.8457403182983398,
    "45": 0.8755881786346436,
    "46": -0.8182539939880371,
    "47": 1.604301929473877,
    "48": 1.0527936220169067,
    "49": -0.14274859428405762,
    "50": 0.21525008976459503,
    "51": 0.05010991916060448,
    "52": 0.18048998713493347,
    "53": -0.7300035953521729,
    "54": 0.6502439975738525,
    "55": 1.4116026163101196,
    "56": -1.1305639743804932,
    "57": 0.14247335493564606,
    "58": -1.0375984907150269,
    "59": 2.8183484077453613,
    "60": 0.010268894955515862,
    "61": 0.33842524886131287,
    "62": -0.5546606183052063,
    "63": 2.338270664215088,
    "64": -1.585244059562683,
    "65": -0.2665364742279053,
    "66": 1.2908154726028442,
    "67": -0.9378728866577148,
    "68": 0.5691216588020325,
    "69": 1.3830467462539673,
    "70": 0.6852206587791443,
    "71": -1.8042923212051392,
    "72": -0.0923854410648346,
    "73": -1.285241723060608,
    "74": -0.7518675923347473,
    "75": -0.020743785426020622,
    "76": 0.21766404807567596,
    "77": -1.6859979629516602,
    "78": 0.7585418820381165,
    "79": 0.011095337569713593,
    "80": -0.15827971696853638,
    "81": -0.4162901043891907,
    "82": -2.3515968322753906,
    "83": 1.3103774785995483,
    "84": -0.4400123953819275,
    "85": -0.13175678253173828,
    "86": 1.2492979764938354,
    "87": 1.1015123128890991,
    "88": 0.475057452917099,
    "89": 0.42102858424186707,
    "90": 0.8743776679039001,
    "91": -0.27519670128822327,
    "92": -0.8925796747207642,
    "93": -1.4620740413665771,
    "94": -0.45266199111938477,
    "95": 1.5904933214187622,
    "96": 1.4050819873809814,
    "97": -1.6462150812149048,
    "98": 1.3656734228134155,
    "99": 0.24827778339385986,
    "100": -0.06931071728467941,
    "101": -0.11157894879579544,
    "102": 0.6994904279708862,
    "103": 2.121735095977783,
    "104": 1.3697324991226196,
    "105": -0.4609640836715698,
    "106": -1.368434190750122,
    "107": -0.2462850660085678,
    "108": -0.2834073007106781,
    "109": -0.22764337062835693,
    "110": -3.156611919403076,
    "111": 0.42875978350639343,
    "112": -1.4590129852294922,
    "113": 1.4586504697799683,
    "114": -0.2931616008281708,
    "115": 1.234845519065857,
    "116": 0.48194417357444763,
    "117": 0.5998088717460632,
    "118": -2.1855356693267822,
    "119": 0.38483119010925293,
    "120": 0.7705845832824707,
    "121": -0.8997927904129028,
    "122": 0.8263564705848694,
    "123": -0.7604967951774597,
    "124": 1.5101346969604492,
    "125": -0.8539773225784302,
    "126": -2.6286237239837646,
    "127": -0.48005369305610657,
    "128": -1.567060112953186,
    "129": 2.0881943702697754,
    "130": -0.7292505502700806,
    "131": 0.023323673754930496,
    "132": 1.342149019241333,
    "133": 0.5371644496917725,
    "134": 0.5895715951919556,
    "135": -1.4471293687820435,
    "136": 0.43146461248397827,
    "137": -0.23434719443321228,
    "138": 1.3161728382110596,
    "139": -0.4680376946926117,
    "140": 3.098987340927124,
    "141": 0.9856402277946472,
    "142": 1.0224114656448364,
    "143": 1.0470216274261475,
    "144": -0.36628758907318115,
    "145": -2.08553147315979,
    "146": 0.8212906122207642,
    "147": -1.9813684225082397,
    "148": 1.2620508670806885,
    "149": 0.6904592514038086,
    "150": 3.5154099464416504,
    "151": 0.42206212878227234,
    "152": 1.762055516242981,
    "153": 0.5688556432723999,
    "154": -0.887615442276001,
    "155": -3.4510698318481445,
    "156": 1.13770592212677,
    "157": -0.44465118646621704,
    "158": -3.205709934234619,
    "159": -0.8120435476303101,
    "160": -0.8821499943733215,
    "161": 1.950366735458374,
    "162": 0.6017891764640808,
    "163": 2.1589913368225098,
    "164": 2.892772912979126,
    "165": 0.9528927206993103,
    "166": 0.04842929542064667,
    "167": -1.012288212776184,
    "168": -0.7500804662704468,
    "169": -0.0736437737941742,
    "170": 0.5446465015411377,
    "171": -0.7608487010002136,
    "172": -1.8301103115081787,
    "173": 0.6747512221336365,
    "174": 0.240534707903862,
    "175": 1.5214999914169312,
    "176": -0.026768621057271957,
    "177": 0.7894266247749329,
    "178": 0.7474231719970703,
    "179": 1.0129575729370117,
    "180": -2.6040046215057373,
    "181": 0.5183959603309631,
    "182": 0.6869212985038757,
    "183": 1.240767478942871,
    "184": 0.033138398081064224,
    "185": 1.321028709411621,
    "186": -0.14298851788043976,
    "187": -0.040751975029706955,
    "188": -1.5754789113998413,
    "189": -2.0011205673217773,
    "190": 0.6580195426940918,
    "191": 0.32886457443237305,
    "192": 0.2784627676010132,
    "193": 2.3401496410369873,
    "194": 0.11083381623029709,
    "195": 0.0258107278496027,
    "196": -1.0579190254211426,
    "197": 1.022663950920105,
    "198": -1.4317203760147095,
    "199": -0.4444577991962433,
    "200": 0.40331441164016724,
    "201": -0.24424578249454498,
    "202": 1.5646408796310425,
    "203": 1.7246850728988647,
    "204": -1.7654495239257812,
    "205": 0.199224054813385,
    "206": 1.045688271522522,
    "207": -0.618488609790802,
    "208": 2.1223056316375732,
    "209": -2.4078240394592285,
    "210": -0.7371985912322998,
    "211": 1.3144469261169434,
    "212": 0.4572819769382477,
    "213": 0.024665318429470062,
    "214": 1.278957724571228,
    "215": 0.5419530868530273,
    "216": 1.7697848081588745,
    "217": -0.4785529375076294,
    "218": 2.470557928085327,
    "219": 0.28800520300865173,
    "220": -1.2588591575622559,
    "221": -1.1265977621078491,
    "222": -0.4091472029685974,
    "223": 0.9482371211051941,
    "224": -0.7607644200325012,
    "225": 2.4516711235046387,
    "226": 0.39392924308776855,
    "227": 1.566838026046753,
    "228": 1.7643882036209106,
    "229": 1.7927663326263428,
    "230": -2.041532039642334,
    "231": 3.6052181720733643,
    "232": 0.49470534920692444,
    "233": 1.2286608219146729,
    "234": -1.2360389232635498,
    "235": -0.8936156630516052,
    "236": 0.5941831469535828,
    "237": -0.8061959743499756,
    "238": 0.4788621664047241,
    "239": 0.3457213044166565,
    "240": -0.4140620529651642,
    "241": 0.21910934150218964,
    "242": 1.982284426689148,
    "243": 0.0933363139629364,
    "244": 0.8497593998908997,
    "245": -2.108142852783203,
    "246": -0.43410807847976685,
    "247": -0.5524874925613403,
    "248": -0.31439849734306335,
    "249": 0.8261330723762512,
    "250": -0.6083377003669739,
    "251": -0.5727056264877319,
    "252": -0.3323780298233032,
    "253": 0.5492106080055237,